date,Breadth,Depth,Frequency,Stickiness
1/1/2019,3.055677073,8.673644997,88.47833613,45.77661809
1/2/2019,2.10684103,9.157109616,69.18968465,59.19283544
1/3/2019,2.190353169,7.292377463,73.6611757,49.52912484
1/4/2019,3.709606514,8.000991486,78.63839616,36.94946347
1/5/2019,4.170239073,7.235301405,73.52777706,33.88865442
1/6/2019,3.165084688,8.144448522,68.80592692,54.27823237
1/7/2019,3.052480959,9.221323733,77.7891773,44.88366666
1/8/2019,4.091197822,8.41032846,65.87929616,32.40557339
1/9/2019,2.700551437,9.269402517,74.72776626,41.85443192
1/10/2019,2.891468246,7.674092127,69.15080842,44.07967528
1/11/2019,1.240324795,7.410393748,63.87155064,40.44667285
1/12/2019,1.512325295,8.083180575,68.6773802,56.89841553
1/13/2019,2.502138529,7.858259212,81.22971405,56.40152147
1/14/2019,3.317483184,7.546634445,70.81017554,33.58162326
1/15/2019,1.359705181,7.592893959,83.77486955,36.93410853
1/16/2019,4.661855481,9.842012238,86.15776272,42.1994348
1/17/2019,1.34414338,7.360660638,70.67063855,30.3072608
1/18/2019,3.03678565,7.416199355,85.79887275,43.14403406
1/19/2019,1.440794833,8.032780939,67.92096412,46.12068701
1/20/2019,2.331402255,7.548700366,81.03843129,30.75915826
1/21/2019,1.194913732,8.629874809,66.2076702,55.90299097
1/22/2019,2.908256881,7.925818502,60.79819573,41.98260432
1/23/2019,2.096850793,9.628152698,73.73233255,52.08590164
1/24/2019,2.635234747,8.176347262,63.7110559,48.47512082
1/25/2019,3.383296276,7.528053238,85.82191758,39.15692479
1/26/2019,3.313673142,7.407510923,78.82738596,45.30574957
1/27/2019,2.336382489,9.468347407,77.66420723,55.53038424
1/28/2019,2.469881837,7.611855216,86.10331207,39.14400583
1/29/2019,1.893749462,8.787769881,76.64621554,43.91280948
1/30/2019,2.286795609,9.97940999,60.15143128,43.86706823
1/31/2019,3.799748176,8.985455569,78.26789978,47.0057457
2/1/2019,2.118954092,8.909389157,77.10504385,41.85259004
2/2/2019,1.356111354,8.14716707,77.88102098,54.13765512
2/3/2019,1.322374864,7.803310254,82.86626745,46.81344679
2/4/2019,2.632248529,7.800480025,64.14748136,43.13046257
2/5/2019,2.723242956,7.320931226,71.06329921,56.30840981
2/6/2019,1.686285408,7.991643168,72.68104592,50.7521113
2/7/2019,3.500489782,8.42944464,61.25839113,31.0582415
2/8/2019,4.316139875,8.261869532,68.02940156,41.07076527
2/9/2019,2.409609127,7.119442692,78.69138887,40.77571225
2/10/2019,1.238035063,8.010096447,80.05723282,55.23700982
2/11/2019,2.086637017,9.996092583,84.87296671,38.73815904
2/12/2019,2.140776755,9.820602202,75.9764053,37.92115631
2/13/2019,3.563029452,9.736249076,78.45459067,52.35201008
2/14/2019,4.679846994,7.47667,74.86122701,52.98499308
2/15/2019,1.485121679,7.038617169,65.18165835,40.93966124
2/16/2019,1.396816897,9.773677805,85.55834917,34.69626568
2/17/2019,1.214202214,7.529894328,80.67404647,45.78261096
2/18/2019,1.656282515,8.622382325,61.60828413,49.93664542
2/19/2019,3.416331745,9.185722967,81.62205651,40.29038165
2/20/2019,2.088359808,9.312805322,78.38805242,58.40109295
2/21/2019,2.098432855,9.944578912,68.4155494,40.39353041
2/22/2019,2.299498535,7.907316636,74.86729238,51.90440518
2/23/2019,1.271770166,7.482068651,60.73854627,45.3057096
2/24/2019,3.498482549,7.53422579,70.30930226,46.9028638
2/25/2019,4.841999769,7.598230024,66.60308162,32.06439611
2/26/2019,1.297630842,9.043420965,81.76471106,51.47563468
2/27/2019,4.328740561,7.921372075,64.29858893,35.30500497
2/28/2019,2.048870918,7.631727103,72.23050206,47.08546485
3/1/2019,1.290187162,8.626727377,75.77253096,40.83545182
3/2/2019,1.269135573,7.841993805,84.87938365,38.13688245
3/3/2019,3.441536476,7.976327292,79.4270392,36.66787012
3/4/2019,1.760295561,8.774874574,78.03423019,43.8590315
3/5/2019,2.535664523,7.805581356,61.98335009,52.93113693
3/6/2019,1.167311412,8.870959322,66.90343791,49.97630668
3/7/2019,4.199831053,8.861906485,79.10372809,57.84746667
3/8/2019,1.581778669,8.286693376,77.93677513,47.05107761
3/9/2019,1.218952549,9.811190853,77.58832009,44.69446136
3/10/2019,3.945529998,7.014626345,65.17608902,42.8415568
3/11/2019,2.554152787,7.505215718,71.27979022,36.74078361
3/12/2019,3.615273392,9.996449573,79.65395978,59.51834631
3/13/2019,3.945714333,9.827578874,70.08856995,46.18769807
3/14/2019,2.893529495,9.035596226,63.37697372,31.46193922
3/15/2019,2.756270116,7.078135622,71.39891706,43.79794682
3/16/2019,1.833150671,8.462061978,60.58810708,56.69344295
3/17/2019,1.925226593,7.360867702,61.03385658,31.20657471
3/18/2019,4.924847292,7.438900108,70.9087106,37.90619223
3/19/2019,2.659532444,7.476789442,73.21892726,51.87240153
3/20/2019,4.808391961,9.407781156,88.1444565,36.63033838
3/21/2019,1.74859711,7.811639487,71.6887119,40.56292357
3/22/2019,3.669619534,9.729948251,83.31516964,40.33559535
3/23/2019,2.915818687,9.789364734,66.41605376,59.67676769
3/24/2019,2.511957194,9.665928558,87.04509272,43.25457579
3/25/2019,3.678827582,8.787360405,85.66569028,47.63343504
3/26/2019,3.816228759,7.190630753,84.92013649,43.52543356
3/27/2019,3.59715578,8.019268955,78.31042489,49.96692935
3/28/2019,3.487636214,7.188657579,88.92353123,45.95832609
3/29/2019,2.421236323,8.140864997,62.15806088,44.91433107
3/30/2019,1.132140359,8.003906587,64.38048555,39.52152718
3/31/2019,2.349555205,9.124379972,75.88093918,55.16130737
4/1/2019,3.945344509,9.041428208,61.51035427,30.66623306
4/2/2019,4.056849597,8.211422836,83.71054097,50.38627733
4/3/2019,1.077692852,7.961017359,83.5773631,39.89329422
4/4/2019,3.890482826,7.372714,80.405861,42.35163026
4/5/2019,2.288689557,9.433454017,64.48371096,51.79976105
4/6/2019,1.353250443,7.177214078,67.8156818,35.32396638
4/7/2019,3.330104629,9.568677467,77.68075842,48.58591532
4/8/2019,1.699539588,9.518900939,75.20798699,35.05416994
4/9/2019,3.412692134,9.188246124,82.72987457,55.99263942
4/10/2019,1.79365047,9.660788681,81.30792439,38.68717206
4/11/2019,3.258915777,7.767189342,72.34923479,48.05814571
4/12/2019,2.767019223,9.573206381,64.829212,57.08803401
4/13/2019,4.524524551,8.775587112,71.91843922,54.22362447
4/14/2019,1.900327634,8.760688982,73.96508145,49.71029165
4/15/2019,1.334671456,9.940951552,61.20787696,31.02428961
4/16/2019,3.807632069,7.837672027,77.14269893,41.3708772
4/17/2019,2.508766324,7.861565552,86.04473644,42.13400088
4/18/2019,4.582424506,8.466960417,89.29021417,44.07672493
4/19/2019,1.329297983,8.611972317,60.33716702,58.96780028
4/20/2019,3.734573336,7.022178041,64.04659213,40.2350848
4/21/2019,2.530421127,7.692318034,60.05100956,53.94755975
4/22/2019,3.478655872,7.553018942,77.30930459,46.93022585
4/23/2019,3.320547129,8.520698168,70.05570184,50.81657449
4/24/2019,2.989793677,7.22708552,77.48876936,32.67855875
4/25/2019,2.696130519,7.391179909,64.76278007,44.37428881
4/26/2019,3.724626213,9.988198183,64.97500318,33.47785009
4/27/2019,4.936654652,8.891134438,89.48385413,49.08402307
4/28/2019,4.766338653,9.916949323,76.59413729,40.44004256
4/29/2019,4.484923782,8.281983317,63.45680224,38.14466659
4/30/2019,3.636251121,8.645932803,82.81335808,55.91307121
5/1/2019,4.095750434,9.07397304,89.01170061,34.31946071
5/2/2019,2.426974594,8.174982642,86.56785246,54.41587789
5/3/2019,1.109336589,8.775133601,63.45299934,50.09391215
5/4/2019,4.773667638,9.778313286,62.62880037,35.1145639
5/5/2019,3.170612069,7.911626736,87.41108851,55.45565841
5/6/2019,4.889638394,9.426265921,84.87989555,46.01327542
5/7/2019,2.295282617,8.495565463,83.02731004,36.0832972
5/8/2019,1.973443799,8.289648642,82.93679183,54.88696261
5/9/2019,2.523139651,7.723971247,62.74095598,30.73875425
5/10/2019,2.603337413,7.426873839,79.56921808,30.93143665
5/11/2019,4.19319941,9.59117079,67.08999557,32.24730939
5/12/2019,4.293325252,7.534646204,87.58181295,37.96825079
5/13/2019,2.880777583,8.326487998,67.51379557,49.2323153
5/14/2019,2.824636423,9.735235008,85.04744411,39.32143336
5/15/2019,1.925724966,9.946942754,66.34707048,38.46608042
5/16/2019,2.200059826,7.57500368,60.41245259,48.41331938
5/17/2019,1.581912135,7.290719405,71.60701389,43.80643911
5/18/2019,1.855979277,8.055688977,71.82033727,32.5011365
5/19/2019,4.169803956,7.554378702,63.01555003,52.13260569
5/20/2019,3.276509226,8.401285801,89.82684957,39.64260268
5/21/2019,2.887405539,8.379999388,82.52489239,31.13870682
5/22/2019,2.766503528,7.056527492,67.17065594,32.63026038
5/23/2019,1.788961017,9.586047159,87.12064134,36.03252383
5/24/2019,4.14192721,8.617637627,76.29897366,51.89587237
5/25/2019,2.350682454,8.61630365,62.69467712,48.17854886
5/26/2019,4.684750549,9.700757672,67.54892631,47.1136244
5/27/2019,4.657728329,9.735729026,78.16762363,35.04891656
5/28/2019,1.023610283,8.863153521,85.28604271,37.18591913
5/29/2019,2.726003844,9.387631083,64.86674507,37.6679421
5/30/2019,2.865636194,9.804702268,74.61652218,35.3590508
5/31/2019,3.250724232,7.477182566,64.42419656,54.47002793
6/1/2019,3.331767805,8.840952162,89.47365126,57.07965865
6/2/2019,4.043263871,9.3027144,83.43604261,45.52763233
6/3/2019,4.534386973,9.734858176,64.47616172,50.65874973
6/4/2019,4.250516181,7.510678884,80.48923195,59.48290204
6/5/2019,1.135008995,9.983885046,85.33658035,36.12767703
6/6/2019,3.965586553,8.226203987,81.03595066,45.76492673
6/7/2019,4.938309399,9.222545822,76.76306459,43.78535762
6/8/2019,1.798715577,7.916611329,85.59175027,40.11898353
6/9/2019,1.939599807,9.5653857,69.20946557,43.24062112
6/10/2019,2.479709668,8.823794838,71.91286366,48.48319953
6/11/2019,4.216697408,7.17931626,81.6987637,39.25569401
6/12/2019,1.724655597,7.574709659,62.22600371,53.42877736
6/13/2019,3.616157983,7.912949251,67.0782547,46.72259076
6/14/2019,4.628463768,7.381265417,74.57673901,35.35551428
6/15/2019,1.889664877,8.756176694,61.21712281,31.72915142
6/16/2019,2.354274602,8.536010527,67.15558845,53.05512364
6/17/2019,2.379712578,7.978299534,82.09362738,43.55242691
6/18/2019,2.050540601,8.254329411,82.38047217,52.01763336
6/19/2019,2.485146771,7.608719222,67.54323083,59.92525321
6/20/2019,3.654737821,9.906169635,70.6422829,31.95942653
6/21/2019,3.101205447,8.123418024,66.28299942,34.44094024
6/22/2019,2.21107063,7.60292316,77.83847557,46.2479411
6/23/2019,3.847222336,8.44776655,75.33386103,44.7985
6/24/2019,3.449530129,8.963067818,63.72893788,43.00738499
6/25/2019,3.406201989,9.430089348,72.11927915,57.62408439
6/26/2019,2.554105114,8.954720359,83.0202961,57.28853279
6/27/2019,3.303469844,7.99834567,83.31921331,38.31559912
6/28/2019,1.604223771,8.002223511,83.56545995,50.41081993
6/29/2019,4.380311431,8.421984744,79.41044916,57.60283997
6/30/2019,4.579117047,7.700186484,60.66596441,40.32082957
7/1/2019,4.408136819,9.726891858,85.41998719,46.6775899
7/2/2019,3.090620218,8.005633916,80.28004291,30.66747639
7/3/2019,1.041750823,8.162297056,65.23770526,37.14203192
7/4/2019,4.37225571,7.217642916,71.25714019,48.98141189
7/5/2019,1.746107488,7.905492316,66.68932863,37.85535977
7/6/2019,2.056934419,8.834087856,63.28786825,44.56613959
7/7/2019,1.941747974,9.262859494,85.86569743,33.75179305
7/8/2019,4.23594786,7.196595404,63.59862208,52.74392739
7/9/2019,1.532722792,8.6502339,84.45273192,37.07021219
7/10/2019,2.845044677,7.965407154,67.05629746,48.85331047
7/11/2019,3.922940316,8.661002306,65.73070767,40.15750001
7/12/2019,2.84551528,8.749289817,79.2803904,47.57169264
7/13/2019,4.915487288,7.126847538,78.61084347,45.22273954
7/14/2019,4.980093819,9.703314744,64.94397552,37.62198712
7/15/2019,2.644370627,7.051047904,64.64214345,58.91762806
7/16/2019,4.853314322,7.200209297,61.70422961,40.42828162
7/17/2019,4.6329352,9.228923729,68.49523377,57.36205111
7/18/2019,4.665754213,8.08114179,71.78327366,32.73030216
7/19/2019,2.614099364,8.005031671,68.05197389,37.70707005
7/20/2019,3.450739923,9.479631768,80.03442352,54.59483445
7/21/2019,3.372115374,8.935454635,63.16803724,48.57834436
7/22/2019,4.093464251,8.751196924,73.83895944,52.91749461
7/23/2019,3.713850571,9.475804916,76.2479099,42.22287528
7/24/2019,3.985981095,9.667777575,89.47121231,47.40987295
7/25/2019,3.393948912,9.292432175,77.55746235,48.91294624
7/26/2019,4.604107622,9.524865906,72.17328222,31.52271656
7/27/2019,1.646830872,7.827818337,82.27397619,40.64227259
7/28/2019,1.129426363,8.034618649,78.41897988,58.26574781
7/29/2019,4.267508433,8.146537108,61.86668506,51.28891315
7/30/2019,3.138167183,9.365242297,80.49285346,59.25388539
7/31/2019,2.456876486,9.54944872,76.39379261,56.35601698
8/1/2019,4.867609493,8.212772532,63.16164835,46.41916485
8/2/2019,1.48305046,7.233930157,75.11653932,42.61185658
8/3/2019,3.125109632,7.254248728,73.17263206,42.35999197
8/4/2019,4.488743849,8.985716549,86.39656542,58.1604472
8/5/2019,3.660482112,8.047858027,71.09615769,50.45102999
8/6/2019,3.356448186,9.781923163,79.85823041,34.05184453
8/7/2019,4.424080735,9.333136492,78.38524406,51.33231335
8/8/2019,1.04391169,8.54764571,81.67711564,33.28501293
8/9/2019,4.221465904,8.587651178,80.66924925,50.60569305
8/10/2019,1.416976214,9.238215683,71.38498443,47.29080199
8/11/2019,2.909789983,8.659542604,79.1846639,40.03138275
8/12/2019,2.925627299,8.301974565,73.64598438,37.36189887
8/13/2019,4.110269344,9.25080806,84.86127852,41.3316458
8/14/2019,1.842226492,9.106667264,72.20428201,45.1104898
8/15/2019,1.826917735,7.479882026,84.84484024,58.21689756
8/16/2019,1.336325809,8.899146243,74.38389358,46.13838561
8/17/2019,4.203504263,9.179944717,74.77027493,48.95309012
8/18/2019,4.029330656,9.532494806,79.83929752,56.6499016
8/19/2019,3.781918846,8.998579693,77.63578438,38.71937715
8/20/2019,4.85052784,7.317888074,81.04048632,58.54065342
8/21/2019,4.412360063,8.644518597,86.37181756,51.49917004
8/22/2019,4.132272865,7.873124276,84.07244013,37.25935162
8/23/2019,4.28868826,9.240146263,67.61669158,54.66107592
8/24/2019,3.752981014,8.12416884,86.68897055,50.57594283
8/25/2019,3.122516772,9.802210159,82.87719724,34.99314728
8/26/2019,4.531678923,9.470982275,66.29875276,34.68965095
8/27/2019,3.64481607,7.728293904,77.46001486,43.5956991
8/28/2019,3.186566807,9.286171769,67.45849408,44.64406458
8/29/2019,2.822267579,7.108555969,81.87409589,53.02430465
8/30/2019,1.169599356,7.245013039,74.53107015,50.30960284
8/31/2019,1.84805498,8.948916659,84.06908802,56.48325215
9/1/2019,3.55885923,9.642923336,68.33386431,32.55508872
9/2/2019,1.160991619,9.459450848,71.16767395,41.23985834
9/3/2019,1.039328609,9.245033937,75.80339644,56.22451104
9/4/2019,2.888666624,7.068764716,72.94285995,58.22126653
9/5/2019,3.551479607,9.490342152,83.54553848,33.69032081
9/6/2019,3.341932428,9.041204505,73.9279127,35.73612855
9/7/2019,1.036502,7.474427313,84.52680016,47.28264076
9/8/2019,4.959953405,7.44040378,76.85643248,49.00083404
9/9/2019,3.003403325,9.821483016,78.79241507,46.49624297
9/10/2019,4.666924974,8.021261786,73.9026079,59.18631762
9/11/2019,4.209691409,7.56433234,77.82788639,47.15480762
9/12/2019,1.543706051,7.618345126,86.11824883,44.06255825
9/13/2019,4.189832342,7.196771871,89.23159421,35.72569113
9/14/2019,4.231020809,7.916923995,66.24543149,46.56433873
9/15/2019,4.188087856,7.840869242,74.42712763,58.67288934
9/16/2019,2.708093361,7.06185318,87.86673698,36.98928147
9/17/2019,3.327628114,7.712455456,69.13737478,31.43666661
9/18/2019,4.663183129,9.414865415,82.59643206,57.97098158
9/19/2019,3.771907506,7.787961039,77.23356968,49.06795751
9/20/2019,4.554944032,8.27379473,63.28699596,36.60776608
9/21/2019,1.358617844,8.523225222,62.57578669,31.06460977
9/22/2019,2.821080644,9.079311842,64.42610136,37.14953019
9/23/2019,1.968501958,7.458735688,60.96201846,46.395403
9/24/2019,1.306266559,9.188371493,85.24008155,30.81564108
9/25/2019,2.330185382,9.730522264,62.41833122,33.91700566
9/26/2019,4.855952825,7.305626285,67.57811943,52.71338629
9/27/2019,1.066530704,9.886148568,65.2008843,54.81964493
9/28/2019,2.068366241,9.485153227,89.39165515,32.92889265
9/29/2019,2.819005263,8.282717858,70.78220265,54.14372392
9/30/2019,4.441873401,8.770018254,82.92160653,43.94547241
10/1/2019,1.520610346,9.812163714,67.33042019,31.839192
10/2/2019,4.750505311,9.959597097,71.13260598,42.34039205
10/3/2019,1.940014648,7.650419058,73.83233381,58.92399359
10/4/2019,4.887534325,8.07381059,66.80839937,43.33775264
10/5/2019,4.259025494,9.497819507,77.02274992,55.04041681
10/6/2019,3.656421685,9.247612986,71.94975648,54.9023377
10/7/2019,2.668894164,9.386841139,81.27120667,55.35061511
10/8/2019,2.634269568,7.82560402,84.58587837,32.00477392
10/9/2019,3.061713528,7.967365214,89.68717393,58.63614035
10/10/2019,3.586156665,7.338669745,66.62445319,53.92818432
10/11/2019,2.935311575,8.97923888,69.16185754,47.29732185
10/12/2019,4.376741256,7.264047996,68.46728383,52.59154215
10/13/2019,1.739263862,8.694226932,65.1033454,45.11419867
10/14/2019,3.21750732,9.028853996,65.34648185,50.78629239
10/15/2019,1.152527787,7.754282836,79.53667916,48.02829988
10/16/2019,3.209169952,9.281657742,66.60099919,45.82134129
10/17/2019,3.314672762,7.088260867,81.61728966,53.83303072
10/18/2019,4.810494029,9.938669546,89.55240328,44.50857003
10/19/2019,4.524620332,7.15184537,69.16217377,37.90034406
10/20/2019,2.729221881,8.853838794,71.99806916,39.76741413
10/21/2019,3.252124789,7.234173415,69.65335781,32.03203417
10/22/2019,1.200141642,8.306532792,80.82851469,30.13240551
10/23/2019,1.442530659,7.584840189,88.41334811,54.33326044
10/24/2019,3.883272751,8.928705217,74.86659058,30.72739497
10/25/2019,3.638302264,9.45573519,83.30843557,31.9555501
10/26/2019,1.995014728,8.683112307,87.09780365,42.42829343
10/27/2019,4.466329487,7.815074734,60.59660145,48.90932029
10/28/2019,1.002345878,9.077062364,89.52871889,54.11428294
10/29/2019,2.652783906,8.928060125,62.59446125,37.25086963
10/30/2019,2.679420464,8.82896959,61.65696917,48.57481152
10/31/2019,1.431465933,9.236799571,86.59700441,42.74499611
11/1/2019,2.496977386,9.619447238,74.05989682,59.62910249
11/2/2019,2.884505377,9.915869504,80.20028691,33.24394316
11/3/2019,1.932839899,9.777295663,65.49552002,39.34261749
11/4/2019,2.06137155,8.974391707,77.74327699,59.42362709
11/5/2019,1.773278255,8.596447784,67.20244935,51.1964978
11/6/2019,1.088350473,7.4723779,88.71695186,40.97989899
11/7/2019,1.103198929,8.38709846,80.64964159,54.02205929
11/8/2019,3.627193408,7.991749812,68.44428591,58.26110787
11/9/2019,3.98536593,7.268176602,83.19268254,56.31540641
11/10/2019,1.220758893,8.192730613,81.35883097,56.76758796
11/11/2019,2.694686807,7.325215497,66.47890044,38.97017131
11/12/2019,3.572463285,7.576023276,63.32500821,44.13142465
11/13/2019,2.260099596,7.728076545,76.8161305,35.18624177
11/14/2019,4.501676809,9.882515293,73.0440958,47.85697627
11/15/2019,4.032329945,9.83055516,71.3069994,55.38035825
11/16/2019,1.746008775,8.640095557,80.19296445,47.50418286
11/17/2019,3.986757735,7.416385471,87.34833734,49.07205725
11/18/2019,2.156791166,8.412712906,84.02852587,41.66557002
11/19/2019,1.015131417,8.174874431,86.3025086,33.54589212
11/20/2019,4.79613492,9.700440935,68.17113835,49.26335596
11/21/2019,1.261060563,9.570462506,76.95976996,45.79707699
11/22/2019,3.1439059,8.704311693,64.29502262,33.69761834
11/23/2019,2.103797974,8.486126027,65.99531978,34.13272916
11/24/2019,4.962323192,7.223070592,61.52619778,47.25662101
11/25/2019,1.097245013,8.558052506,76.31318497,54.91208799
11/26/2019,4.03920399,7.43625372,70.3525635,47.90041895
11/27/2019,1.280104726,8.34848278,74.85209677,39.92048914
11/28/2019,2.337309707,8.176220559,74.2091491,52.77243821
11/29/2019,3.164574159,8.515916288,80.10835169,54.96653007
11/30/2019,1.673106005,8.751799793,70.61055117,47.03967447
12/1/2019,1.198595215,9.088577138,77.70799848,50.77639744
12/2/2019,2.367123639,7.587885757,80.94956041,31.91201687
12/3/2019,1.632445868,8.132213529,63.55684217,54.45946624
12/4/2019,4.953119042,9.800327751,86.08718415,38.57942743
12/5/2019,1.220796211,9.84956336,83.39983128,48.69120075
12/6/2019,2.483063465,9.554571336,61.44419862,54.49364254
12/7/2019,2.362803856,7.667389383,80.11261571,55.35405905
12/8/2019,1.360387235,7.759596347,80.85729103,35.26380745
12/9/2019,1.627304514,9.349312323,84.09032606,58.9878027
12/10/2019,4.278002334,8.313042609,88.28261517,32.08992741
12/11/2019,2.903080298,9.405435801,77.44874645,56.12074749
12/12/2019,2.718406155,9.659768233,79.7213573,40.26499079
12/13/2019,1.899544629,8.826921232,67.21667937,33.25433239
12/14/2019,3.796218314,8.777031971,83.73485907,30.75018616
12/15/2019,2.666489371,8.669653029,84.4497845,48.50700825
12/16/2019,3.7512671,8.200938933,66.95020466,53.20782885
12/17/2019,1.566586516,8.199577612,69.52966365,45.20692849
12/18/2019,1.27618929,8.449649873,73.12334476,49.61924014
12/19/2019,4.365202426,9.404569468,81.58800471,58.71167237
12/20/2019,1.238123877,7.246098459,64.89581958,31.89464907
12/21/2019,3.312548407,9.881670643,85.42762965,54.26912482
12/22/2019,1.226482534,8.763642258,71.9292142,32.38365995
12/23/2019,3.797975609,9.36287546,61.13129951,41.94522004
12/24/2019,3.619257307,7.739932394,61.54220241,35.45631342
12/25/2019,2.505501464,7.04831846,72.35468507,46.98919797
12/26/2019,2.952323127,8.720257282,66.44468159,50.45040486
12/27/2019,4.152853589,7.261989056,76.46951829,33.60291745
12/28/2019,2.474790774,9.483375079,82.59120206,41.26458911
12/29/2019,3.623961551,8.626700628,88.62289471,39.72924095
12/30/2019,1.557987366,7.406416891,80.92897877,41.8600038
12/31/2019,1.614502362,8.645992763,64.54946949,37.85790815
1/1/2020,2.12854742,8.114365931,66.54821428,31.38929729
1/2/2020,1.909744184,8.429185669,65.55167162,55.60458976
1/3/2020,4.121201408,8.341117738,60.53506515,39.02174113
1/4/2020,3.86031945,8.732513437,85.42823748,56.98144154
1/5/2020,4.388753765,7.727447571,82.7496272,57.07779509
1/6/2020,1.759324764,7.335910126,70.66054857,51.99599639
1/7/2020,4.058572633,8.069932232,79.38753798,33.11578365
1/8/2020,2.60521412,8.797545544,62.81469498,51.37711429
1/9/2020,4.494229961,8.174320124,87.34744892,33.20242046
1/10/2020,4.063629168,7.922491452,81.50742397,59.47289936
1/11/2020,1.101047383,9.734468063,82.83931259,45.27885011
1/12/2020,4.507124793,8.556362467,75.91269878,50.10276244
1/13/2020,4.998109364,9.264544954,81.7907301,42.28883466
1/14/2020,1.405109125,8.805559871,60.49287762,44.9606841
1/15/2020,2.158042868,7.739362551,66.09563418,54.43687267
1/16/2020,2.41814647,7.20513963,78.60995313,35.62324445
1/17/2020,1.672824827,8.961318824,82.42463742,48.55009922
1/18/2020,3.188143577,7.317072272,84.42942994,31.49649503
1/19/2020,4.859926351,8.319778302,89.12698584,40.52664694
1/20/2020,2.778829093,9.355222612,63.45139569,46.39007795
1/21/2020,4.044193068,9.710781277,65.36607029,48.79439704
1/22/2020,3.917909854,8.081634105,64.26215238,58.2646577
1/23/2020,2.178932938,7.188119972,69.12418548,49.2320187
1/24/2020,4.261908452,7.606704822,67.8177087,35.16127413
1/25/2020,1.289307602,8.553172312,71.17286844,49.32025215
1/26/2020,2.338954993,9.656775472,75.32876451,31.79076921
1/27/2020,2.013609192,9.798506318,73.04552722,48.97516316
1/28/2020,1.105528874,8.291291409,86.3507567,47.74379541
1/29/2020,2.099573703,9.527875592,84.80497729,59.90219649
1/30/2020,2.431350469,9.360687562,83.73161774,32.65347136
1/31/2020,4.690962314,7.862441469,78.91983797,31.59358248
2/1/2020,4.427784025,8.018540834,74.45040916,56.84884306
2/2/2020,4.86766728,8.022956315,85.62905498,56.28114317
2/3/2020,3.007929795,9.483066721,81.82010152,40.38815558
2/4/2020,4.755637127,7.407261117,83.98552015,56.05345349
2/5/2020,2.446930078,9.375705738,84.52935363,36.83412316
2/6/2020,4.211834716,7.72914165,65.83211456,49.26336563
2/7/2020,4.009346415,7.134000208,64.93684128,38.96949617
2/8/2020,2.644090463,9.046671571,63.99573068,47.12781446
2/9/2020,3.43183731,8.740637046,71.34920362,32.59062591
2/10/2020,2.525170841,7.885814563,75.22459743,56.13344006
2/11/2020,3.981289047,9.627978301,60.57978311,32.30017679
2/12/2020,1.535168297,9.500186345,86.03736111,45.35677259
2/13/2020,2.475482932,7.237464419,68.71536797,44.08794196
2/14/2020,3.00671504,9.026248043,63.5194631,31.97629547
2/15/2020,2.220864352,7.840126367,87.35369453,58.86941332
2/16/2020,4.394373014,8.626824635,65.80523316,59.90018947
2/17/2020,1.270838565,8.419688978,75.15646319,48.29734851
2/18/2020,3.750465342,9.245993002,85.40596889,46.49973234
2/19/2020,1.237891059,8.204468211,74.34318305,58.60006632
2/20/2020,3.902138629,7.564315733,82.85431414,41.88589297
2/21/2020,2.921144796,7.890050111,63.73323831,40.20661406
2/22/2020,1.283983645,8.816136377,63.03254736,47.67599334
2/23/2020,2.472516734,7.210961248,85.98270715,46.64554296
2/24/2020,4.070034156,7.789735963,69.45194708,32.52966944
2/25/2020,2.799258976,8.828358135,74.03973998,41.70860398
2/26/2020,2.193809898,8.704938372,83.96605013,43.35823106
2/27/2020,1.236436187,8.619092476,86.91383769,47.22476407
2/28/2020,4.710842842,8.126935098,88.87609525,35.08224271
2/29/2020,4.238376228,8.59600892,77.26358746,53.87550328
3/1/2020,4.790879243,8.523308136,88.82076603,42.71537193
3/2/2020,3.268134769,7.826629184,82.76745773,55.54511071
3/3/2020,2.092172793,8.818242814,82.63169717,35.74487684
3/4/2020,2.832162376,7.123486994,63.44099644,59.55531142
3/5/2020,4.842424818,8.148172526,69.5998123,40.85842412
3/6/2020,2.198196745,9.508380759,81.17757604,44.49546487
3/7/2020,4.337022117,8.954520958,69.14617109,59.79862765
3/8/2020,3.928036367,9.053470651,88.52408497,58.78450212
3/9/2020,4.608277098,7.624526489,74.50461264,47.1712748
3/10/2020,2.316268847,9.220750494,89.66539227,36.99907313
3/11/2020,3.488214065,7.421925325,87.78526921,30.54679598
3/12/2020,2.177227877,7.647697859,67.04387305,34.75601787
3/13/2020,4.513404361,9.809367864,77.44874674,38.65858098
3/14/2020,4.711137325,8.749086623,68.2027332,40.98443466
3/15/2020,2.326771554,9.061652721,76.45577437,53.47479425
3/16/2020,3.054960708,9.37830036,82.35525702,57.57136448
3/17/2020,3.6286441,9.182841298,64.90513249,41.51639988
3/18/2020,1.421944445,7.210066532,73.0599912,56.52304406
3/19/2020,1.426567448,9.487966131,89.61659777,36.35245274
3/20/2020,3.271148196,8.88826476,62.86177464,44.11072766
3/21/2020,4.188655058,9.338006983,72.52302284,50.07669286
3/22/2020,4.811743027,7.760776595,75.24678665,53.06018855
3/23/2020,2.4381624,7.378279086,74.76924291,44.545791
3/24/2020,1.713410839,7.393595438,70.6340636,39.65763045
3/25/2020,1.158294098,8.144231631,73.51485758,31.29811486
3/26/2020,1.457394775,9.365260204,79.33831425,51.81040023
3/27/2020,3.13043697,9.366161788,89.41075074,57.51479872
3/28/2020,2.42836784,7.149359455,73.43509312,50.93349113
3/29/2020,1.445564,9.539401977,76.57203379,41.95853289
3/30/2020,1.447200645,7.501812818,64.0580759,49.31884598
3/31/2020,3.155769532,8.749841259,65.89780503,51.08840692
4/1/2020,3.099832068,9.310838185,76.58282837,37.81850136
4/2/2020,4.048830563,9.785790066,89.77131723,49.69055821
4/3/2020,1.15817662,7.149957553,74.2139784,40.97535727
4/4/2020,2.86934896,7.148884187,60.26751533,37.19207688
4/5/2020,1.414369142,7.627153422,61.78877773,38.41014252
4/6/2020,1.46675508,8.239886749,81.79945013,40.49400839
4/7/2020,3.183814608,7.352762533,84.0443444,38.71385029
4/8/2020,1.825358731,9.77423904,66.09784141,55.54308092
4/9/2020,4.645922481,8.847880511,82.17110535,49.40474451
4/10/2020,2.46269829,9.35636339,76.30567252,31.21967314
4/11/2020,2.09623671,8.950893674,79.42427178,46.48494407
4/12/2020,1.799537622,7.850552592,81.05728819,31.06457152
4/13/2020,2.979904195,7.260270057,80.56013411,38.91988275
4/14/2020,1.227870563,9.148786374,64.40570744,51.35760068
4/15/2020,3.442789642,9.994408356,79.19078423,30.58462236
4/16/2020,2.320784495,9.491733175,72.18602853,54.73966179
4/17/2020,2.262908995,7.111737085,79.12579894,42.24349526
4/18/2020,1.334140334,8.753398295,81.11987814,43.79986501
4/19/2020,4.560590262,9.984262853,72.59905999,57.61844875
4/20/2020,4.502894462,9.963963937,78.84874968,59.42367846
4/21/2020,2.832362725,7.258833084,88.86329622,47.45991922
4/22/2020,2.476037259,9.462808475,74.22738396,33.88954197
4/23/2020,1.537390544,8.108885022,70.39134714,31.11506411
4/24/2020,2.022444578,7.275943266,75.50582322,37.51317333
4/25/2020,2.223703309,9.722095963,89.8270117,32.23286211
4/26/2020,2.726592046,7.392805606,78.59132303,42.1990588
4/27/2020,1.800625765,7.267741397,88.07690538,57.99758932
4/28/2020,3.653419774,8.316303167,85.29518491,35.60117337
4/29/2020,3.634265792,7.118778303,60.52643354,57.5287104
4/30/2020,4.037516895,9.821684628,76.42667929,53.70554447
5/1/2020,4.838801337,9.735754336,68.01283722,50.61957318
5/2/2020,4.216738248,8.469405437,62.72543607,47.10369572
5/3/2020,4.468247522,8.894630204,65.40463512,33.3506571
5/4/2020,4.236218942,8.508205127,89.94775632,42.10962954
5/5/2020,4.741264219,7.780671852,76.38929822,35.05980495
5/6/2020,4.763947078,9.206136951,60.03970991,31.62369149
5/7/2020,1.285333353,8.931936443,75.46999351,35.55559429
5/8/2020,2.557994868,8.240645173,65.02839923,44.79659127
5/9/2020,3.310950978,8.885037696,72.33633381,33.9229291
5/10/2020,3.811558532,8.169965337,87.76459195,45.88911994
5/11/2020,2.405418247,9.539571001,62.38835354,30.04749501
5/12/2020,2.220973556,7.46494587,75.87330272,52.85123087
5/13/2020,2.578139195,8.113431865,81.07316209,34.05042391
5/14/2020,1.923048249,7.018968323,78.30393018,31.37250103
5/15/2020,4.063548126,9.323363745,71.47410486,48.51555102
5/16/2020,1.761074051,8.836646927,78.54585293,30.36490154
5/17/2020,4.672148645,7.141199805,81.94579747,43.59240395
5/18/2020,3.745177118,7.9389003,77.99511629,49.39705688
5/19/2020,1.606756078,7.054551271,82.3888779,37.59359041
5/20/2020,1.955092259,7.985069897,77.77080516,34.73526859
5/21/2020,2.321129576,7.484805406,83.12345469,36.69579677
5/22/2020,2.07443228,8.888099361,67.40061511,33.37137493
5/23/2020,4.147920133,9.907344472,71.41731252,33.8859601
5/24/2020,1.439090081,9.087870854,60.15041286,52.94396156
5/25/2020,3.581641979,8.190608296,72.88893769,34.09898955
5/26/2020,2.738805492,8.572370193,71.46378344,31.61000932
5/27/2020,4.894201907,7.751863638,68.51462039,45.19300098
5/28/2020,4.209302169,8.930169844,62.52171873,56.35650143
5/29/2020,3.600949243,9.108085556,71.16497521,54.84836274
5/30/2020,1.993027958,7.498355131,72.29368885,47.49596573
5/31/2020,4.229143191,8.83740924,66.61197978,49.06350758
6/1/2020,3.463219038,9.271992179,77.0203978,57.75631091
6/2/2020,4.753633046,7.401634085,67.76455013,48.44376133
6/3/2020,1.595152359,7.159040035,76.65624518,49.20591183
6/4/2020,1.063218312,9.78978048,70.00927407,47.64058251
6/5/2020,4.840021689,7.71285515,61.85383059,43.18965636
6/6/2020,1.207715848,9.911589753,64.64587262,44.67209974
6/7/2020,4.941610928,8.918075309,65.69752696,52.70388716
6/8/2020,1.749834441,7.977826602,66.54353286,33.92559368
6/9/2020,3.860858779,8.154500176,75.61106331,52.76782108
6/10/2020,1.478531452,9.134918608,82.66965283,50.81286724
6/11/2020,4.468997868,9.57255312,89.34244471,35.40600985
6/12/2020,2.608395787,7.106580563,88.21974793,39.79005481
6/13/2020,4.567627212,7.839940768,83.11162771,58.64881388
6/14/2020,2.016447429,9.484439827,79.59613731,46.98319737
6/15/2020,4.547619249,8.473352334,88.03658576,44.69700637
6/16/2020,1.171679756,9.826596559,75.2214258,52.96058007
6/17/2020,4.814312017,8.776095391,67.83580936,59.08552712
6/18/2020,1.595760992,8.90392838,88.26545158,40.5384852
6/19/2020,1.784709591,9.669596385,84.96829599,39.54636966
6/20/2020,4.012851097,8.521781182,64.84777427,59.5981159
6/21/2020,1.234490051,8.785823574,74.55330219,35.72036499
6/22/2020,4.906167479,8.688040073,70.03175659,44.31986228
6/23/2020,1.550770729,9.983619834,72.51293547,49.74429918
6/24/2020,3.139699684,9.882645954,63.80266468,45.79778856
6/25/2020,3.254530437,9.766866085,77.34110147,54.36178918
6/26/2020,2.879452003,7.126305542,79.02263125,45.68668115
6/27/2020,4.757476067,7.119610518,70.87231178,51.57551491
6/28/2020,2.150151471,9.460215232,82.39423909,32.79167442
6/29/2020,4.456280925,7.222156826,60.42644709,49.95848181
6/30/2020,2.010599623,7.952535834,88.24289985,54.54466577
7/1/2020,4.001299827,9.825003112,62.39733415,39.41581742
7/2/2020,1.405660459,8.312530605,73.95736234,47.42663811
7/3/2020,4.691465812,7.870288563,62.74930104,49.49107016
7/4/2020,2.074511178,8.10267972,85.81650498,36.99683468
7/5/2020,4.341580244,8.006125138,87.95434042,55.11952677
7/6/2020,2.804586715,9.8057508,73.91398739,35.76945271
7/7/2020,4.249983144,7.82496688,60.37322239,45.55758829
7/8/2020,4.37070149,7.144655945,77.68404572,54.37146974
7/9/2020,2.047709,7.958433966,61.83364714,49.15543889
7/10/2020,2.216247198,9.80220307,88.08433024,52.1145473
7/11/2020,2.138672141,8.347332957,73.78900227,33.56324941
7/12/2020,2.055448834,9.210210471,74.38560325,57.67728028
7/13/2020,4.566588292,9.926110239,63.95103563,34.1181764
7/14/2020,4.576176207,7.662134102,68.46935158,46.24852057
7/15/2020,4.291860991,9.720764736,75.2966505,55.69853592
7/16/2020,3.999441582,7.253793247,76.09613409,59.45172008
7/17/2020,4.482869248,8.032129998,77.82660848,49.30247259
7/18/2020,2.587110897,8.906454533,60.97271754,55.95823382
7/19/2020,1.345968509,9.01676828,60.92588646,42.68586389
7/20/2020,1.008571574,9.608877582,72.61947763,35.81310143
7/21/2020,4.640665201,7.493567904,62.15979728,53.47035977
7/22/2020,2.858368653,8.047124521,70.78756966,46.9448428
7/23/2020,3.177291435,9.019877681,65.66102927,31.01878662
7/24/2020,2.31644384,7.183517889,75.5403897,58.18830032
7/25/2020,4.649787473,9.865353381,64.13206624,38.52735963
7/26/2020,4.80492182,7.800130328,61.43172909,36.34421899
7/27/2020,4.494681921,7.824780696,80.05532601,34.66075983
7/28/2020,4.246958271,7.940873468,66.16826016,51.96354468
7/29/2020,4.675197056,9.62459368,76.2325634,54.10607062
7/30/2020,4.582938722,8.505626215,79.42611726,33.47083199
7/31/2020,4.403488019,7.675726006,64.98554881,51.89486457
8/1/2020,4.895251259,8.114500425,85.9355094,44.29583061
8/2/2020,4.001075528,7.179136989,84.58924969,51.00129566
8/3/2020,4.119605585,9.138262612,80.02633205,44.46873364
8/4/2020,1.053572444,9.048984325,68.98521983,32.79512175
8/5/2020,1.750529093,7.626123343,75.1242596,38.72642048
8/6/2020,3.638397942,9.758354789,79.42402444,35.85506238
8/7/2020,4.965787698,7.522135789,81.22059157,51.08864341
8/8/2020,2.064781739,8.265272695,83.08242588,49.35442683
8/9/2020,3.851454928,8.933639825,67.98862229,35.57171962
8/10/2020,2.805483124,9.654873404,77.79366505,47.11901267
8/11/2020,4.607471109,7.400615953,66.32037163,45.55323558
8/12/2020,2.244952434,9.660359731,85.9332778,46.81285535
8/13/2020,2.326706654,9.405702832,89.3338221,53.30682954
8/14/2020,2.686854534,8.715275829,75.68961469,58.96115223
8/15/2020,1.678852873,9.913673141,89.3801943,39.82647522
8/16/2020,2.184369103,7.943754787,82.04188991,33.0580953
8/17/2020,3.575727592,7.94830438,79.85581434,36.42839394
8/18/2020,4.472723262,8.883328382,74.70708826,31.72225273
8/19/2020,4.057913268,8.363008261,79.69085628,44.13016729
8/20/2020,2.734831864,7.287219183,86.33604002,33.85380778
8/21/2020,2.493588664,8.836029698,78.44736401,49.28922583
8/22/2020,2.36613028,8.257176645,81.53405164,54.07617193
8/23/2020,4.187639862,8.027862328,75.35298703,38.49237478
8/24/2020,1.28329255,9.708564485,75.27969312,38.16757047
8/25/2020,1.305560418,8.439613312,71.78390727,45.23167605
8/26/2020,3.2203331,8.963023346,80.25621309,48.31675002
8/27/2020,1.816793567,7.902610636,89.73223662,39.66620003
8/28/2020,2.062628055,8.107420463,60.45759467,32.12087864
8/29/2020,2.148726079,8.094102297,88.48246585,35.88816823
8/30/2020,3.263306861,8.324067671,69.82842597,59.20745708
8/31/2020,2.205396586,7.686067516,78.19800907,38.80361593
9/1/2020,1.542783436,9.058698835,85.38522093,44.31694987
9/2/2020,1.648573019,9.40968456,88.88940825,58.01965438
9/3/2020,1.541728618,8.819526044,80.29834499,55.83364606
9/4/2020,1.533326769,8.29651749,72.50395379,39.04835555
9/5/2020,3.188162826,8.824440676,86.90640442,38.0124961
9/6/2020,2.883617201,8.303980564,76.52470889,43.17791482
9/7/2020,3.932752524,9.498662334,85.38930721,30.47451936
9/8/2020,2.506252975,7.306156279,78.40607535,48.41792378
9/9/2020,2.521577887,9.673494682,73.26932758,49.2223054
9/10/2020,3.816880604,7.823536062,73.10956222,42.5195627
9/11/2020,4.085074521,7.675768465,75.40151804,57.73570146
9/12/2020,3.366921926,7.369574818,84.04474975,41.01667314
9/13/2020,2.401184836,9.744152276,79.05458907,57.00637707
9/14/2020,1.268238159,8.010157319,86.51121346,49.14747604
9/15/2020,1.429482679,9.621193669,84.20616742,41.24451888
9/16/2020,2.388300351,9.669784832,68.43970071,38.23406537
9/17/2020,2.780138262,9.199246526,60.67577837,36.80559529
9/18/2020,4.024095425,8.156360383,70.69572465,39.56467394
9/19/2020,1.898411582,8.655842244,80.23307711,57.75031905
9/20/2020,4.408446406,7.566971421,86.65739607,45.38137445
9/21/2020,2.189300707,9.531515464,78.748257,58.70166434
9/22/2020,3.394965485,9.204477829,61.79343459,50.7828824
9/23/2020,2.322803691,8.61320684,83.11768178,33.3661051
9/24/2020,1.201033526,9.823474274,64.62990382,51.77400174
9/25/2020,4.790994934,9.209552185,89.2272347,40.38140423
9/26/2020,2.21070617,9.415653483,69.67820445,30.59858843
9/27/2020,4.098156944,8.436745431,77.94834246,41.53155406
9/28/2020,3.01761541,7.02955728,63.97816165,37.16843321
9/29/2020,4.666855399,9.164773499,77.71164135,38.85497538
9/30/2020,2.067265959,7.027234223,86.11678418,35.84021241
10/1/2020,4.067668932,8.519902742,80.36146911,31.17536854
10/2/2020,3.867910614,8.229873156,68.96540964,47.97377022
10/3/2020,4.351692649,9.97628727,79.84383696,35.55455201
10/4/2020,3.192429997,9.988972578,80.42302849,48.28299447
10/5/2020,4.158823745,8.707277408,80.737002,45.14681082
10/6/2020,4.087182216,8.193418025,67.38376257,39.06335748
10/7/2020,2.791925331,7.590625382,61.82092756,53.91475916
10/8/2020,2.920286851,7.787482915,68.99683417,44.26346188
10/9/2020,3.793957285,8.698860431,87.23503073,51.77991196
10/10/2020,2.715482188,8.21440152,71.55539594,55.29502619
10/11/2020,4.765650885,8.41623554,72.5752689,50.13890469
10/12/2020,4.688940838,9.864457778,88.43947076,33.24095621
10/13/2020,2.753577479,9.342543368,88.76948906,42.15832964
10/14/2020,3.628849905,7.503593964,63.82044876,31.6940327
10/15/2020,4.136938565,7.317196414,79.23075031,58.48576237
10/16/2020,4.434283227,8.20543077,82.59314807,37.069205
10/17/2020,3.353296339,9.10255116,83.58330295,39.12460716
10/18/2020,2.382598547,9.814729056,69.34546414,30.13740864
10/19/2020,1.197503409,7.304043794,60.41423602,38.52146835
10/20/2020,3.585890449,7.298952366,83.54991682,59.78693896
10/21/2020,3.430976245,9.074864931,86.98381639,39.77290375
10/22/2020,2.060031134,7.708210723,77.7173054,46.84465179
10/23/2020,4.843815572,7.610671394,88.09218997,53.95033364
10/24/2020,4.984111365,8.476283078,77.80524523,45.58303961
10/25/2020,2.284063635,8.392229443,74.42978529,52.15780801
10/26/2020,1.627490877,8.780176402,72.6103399,57.21402868
10/27/2020,1.565853315,8.909496366,88.45569471,43.44999742
10/28/2020,2.279753841,8.767320934,71.75087946,59.37088794
10/29/2020,1.20214934,8.608500914,89.23220632,37.3473022
10/30/2020,3.564068928,7.528120257,79.58606039,44.70394933
10/31/2020,2.942043684,7.06479589,69.52000741,44.80718837
11/1/2020,3.11082748,9.210243511,79.23225417,43.13317542
11/2/2020,4.842747396,9.198560161,86.12402412,35.55343389
11/3/2020,3.344434351,8.582832641,73.61386777,37.92116061
11/4/2020,1.253103849,7.93146687,61.83362644,44.32671859
11/5/2020,4.379882718,7.188615859,63.98962833,59.49350317
11/6/2020,4.99549894,8.320002113,76.36000912,51.69502836
11/7/2020,4.571933268,8.611187995,68.08039985,45.496519
11/8/2020,1.611874845,7.313231765,84.33992712,37.46021585
11/9/2020,3.936222166,7.896756688,62.60886623,33.89137723
11/10/2020,3.648040019,7.366235473,73.31813016,50.17568287
11/11/2020,2.567503926,7.103109443,78.85486619,37.91643991
11/12/2020,4.834262627,8.212217632,85.1240236,42.53852485
11/13/2020,2.878987502,7.37979661,78.28075484,34.94765888
11/14/2020,4.600962523,7.184848606,71.66369674,50.48808817
11/15/2020,4.566508189,7.195718312,72.52363478,42.92765692
11/16/2020,1.256755168,9.374196626,62.88301181,47.72206044
11/17/2020,1.022217741,7.871282707,79.39546571,46.62123203
11/18/2020,2.405551699,9.142081708,71.13468519,39.18118991
11/19/2020,4.896629426,9.066963585,68.05098446,35.93992418
11/20/2020,2.307764384,8.267811463,60.50412987,38.0048777
11/21/2020,1.304143945,8.184875844,74.4937064,36.07698036
11/22/2020,1.588485691,9.662741992,73.05544269,44.19052104
11/23/2020,2.260537787,9.736603333,85.9869675,58.15144652
11/24/2020,1.403834987,7.725314002,66.90317554,40.36757434
11/25/2020,1.130995765,7.401391812,64.58667501,49.80939391
11/26/2020,3.95330435,7.334638547,82.01338265,54.58326668
11/27/2020,4.298989491,7.439263987,61.77828034,57.40528493
11/28/2020,4.409053347,8.118263262,63.53331209,56.67159258
11/29/2020,1.406787778,7.84024846,70.5811496,41.17632589
11/30/2020,3.218262731,7.414649847,71.48690465,52.53868584
12/1/2020,1.368547364,9.904935473,80.72100122,33.92234201
12/2/2020,4.170192425,9.443519961,86.07651377,43.28034036
12/3/2020,3.388879117,8.326469631,83.46874268,33.9017367
12/4/2020,2.753667677,8.208704967,70.64437801,48.07304995
12/5/2020,4.441278023,8.62313392,69.22830984,30.4627567
12/6/2020,1.517493547,9.792450194,79.03860823,51.06924897
12/7/2020,2.095322527,9.731989087,72.52600453,41.82807177
12/8/2020,3.892099005,7.619393529,85.55657816,52.11483975
12/9/2020,2.338037677,7.218220382,63.88104745,32.41175777
12/10/2020,3.388665379,8.810580035,64.83963058,55.18695216
12/11/2020,2.859971635,7.837564069,87.34422721,34.92064316
12/12/2020,2.204551472,9.789308682,69.52453398,45.41418057
12/13/2020,4.203645573,9.2904531,61.98397734,36.50360187
12/14/2020,4.533318485,8.39572558,60.22745294,34.76558534
12/15/2020,3.784988743,9.260155599,83.20789742,56.5095024
12/16/2020,3.111936184,9.824707278,70.54438616,44.24363929
12/17/2020,3.948952392,9.079266799,65.79016181,55.88888194
12/18/2020,2.499843411,8.663811865,81.25863614,32.91692239
12/19/2020,4.173928818,9.534517903,81.34425163,50.3665273
12/20/2020,3.702130141,7.600901611,64.73294296,56.66439862
12/21/2020,1.439051556,9.977768109,74.27937196,56.39870896
12/22/2020,1.909203631,9.729193602,68.61442812,57.05704589
12/23/2020,1.289952515,8.127222581,82.23448083,49.95905455
12/24/2020,1.615011854,8.295526254,89.43934968,48.97981493
12/25/2020,1.035613615,9.187199799,84.80168766,43.53023955
12/26/2020,2.398527843,9.007712063,68.03370161,49.42363799
12/27/2020,4.461921032,7.065575308,69.71238831,46.16472489
12/28/2020,1.644870412,7.205633887,64.10079125,41.62457938
12/29/2020,1.516867886,7.205017599,65.44517101,44.26617522
12/30/2020,1.790848762,9.965361778,65.19964364,48.69398562
12/31/2020,1.975747751,9.971990672,62.96541476,33.04009736
1/1/2021,3.534595046,9.57808679,79.43080227,39.30850595
1/2/2021,4.592258199,7.266632028,83.24341437,56.27936417
1/3/2021,1.612405565,8.14909507,78.56906024,52.80957644
1/4/2021,4.035976331,8.089181414,80.04850296,34.07532724
1/5/2021,3.939877187,7.370354301,60.15923653,30.43833668
1/6/2021,1.584112423,9.303725575,68.58923962,59.46628812
1/7/2021,4.458468383,8.183677248,89.95417383,31.25205699
1/8/2021,3.279484325,7.20727994,70.52997594,42.50747957
1/9/2021,2.205119266,9.092609739,81.10127694,47.54478012
1/10/2021,1.938478712,7.908515319,80.29419177,59.74296737
1/11/2021,4.16177531,7.065115888,76.41743401,55.63150096
1/12/2021,1.583285303,7.744415469,72.83083586,36.38208319
1/13/2021,4.829065364,7.588634264,61.56187129,43.73440079
1/14/2021,4.320614277,7.234530751,69.19195875,34.62040939
1/15/2021,4.761166832,9.235890532,86.94711344,58.84760349
1/16/2021,3.338528792,9.433523647,84.53725182,51.83561661
1/17/2021,1.108034456,8.179002936,72.3964169,36.40649263
1/18/2021,1.191585362,7.320309536,89.72896191,46.89297056
1/19/2021,4.069348246,8.744679548,71.84143763,55.81526726
1/20/2021,3.926352236,8.290172221,60.07258639,43.39868802
1/21/2021,4.665297065,9.020681647,66.91954833,55.4162443
1/22/2021,1.021623919,7.67381995,62.37839835,52.95590603
1/23/2021,4.864190094,7.871458448,68.38806895,53.45048752
1/24/2021,3.308375687,7.34419931,85.03933664,42.15124251
1/25/2021,1.655629408,9.895175641,86.46412922,33.59313734
1/26/2021,4.11654849,7.826188694,74.29497781,38.50139328
1/27/2021,3.574015176,8.49181662,70.21373767,35.29751631
1/28/2021,4.415787215,9.322507342,81.54874342,48.04401518
1/29/2021,1.722228026,9.291389822,79.19148872,48.39485598
1/30/2021,1.061518392,7.708550958,82.89479679,38.14991425
1/31/2021,3.347396412,9.475886964,81.98278945,35.22045979
2/1/2021,2.441280527,7.43472362,64.32580229,39.6732613
2/2/2021,4.163814835,7.805339135,87.66809807,44.66283385
2/3/2021,2.640350775,7.196800002,82.25863958,51.55732266
2/4/2021,3.119903858,7.725949631,66.56759592,44.58888257
2/5/2021,1.815003494,7.790674342,89.05518928,54.72279578
2/6/2021,4.237368255,8.340760271,74.26628016,56.02884949
2/7/2021,1.570973564,8.682780506,84.66542836,40.05973524
2/8/2021,1.566796472,9.573453968,73.58188517,45.74404203
2/9/2021,2.237655297,8.94524256,80.84240194,45.67710807
2/10/2021,4.896568635,8.186490311,61.69618936,53.4296385
2/11/2021,1.245192601,7.733321739,62.64103152,35.4532915
2/12/2021,1.280727618,8.999380039,60.23739944,59.64088518
2/13/2021,1.906481749,9.620437211,89.21990358,31.15816086
2/14/2021,2.091934406,8.229214297,79.52517192,40.27056512
2/15/2021,4.127609184,7.249203579,89.07829832,57.007281
2/16/2021,3.339819969,7.912850776,78.4968824,55.56749893
2/17/2021,4.634193826,8.815365549,82.31930596,58.51646554
2/18/2021,4.014763638,8.542878042,84.17023372,57.38981562
2/19/2021,4.815495054,8.903696339,80.42498406,55.76344947
2/20/2021,2.626752995,8.027402061,78.15081676,53.03696804
2/21/2021,1.153183517,8.716550145,69.74949276,56.34272926
2/22/2021,2.259439197,7.011850204,72.16115026,56.91275583
2/23/2021,3.936722122,9.121705698,74.12897454,38.63019029
2/24/2021,3.919537773,8.274288128,69.5546362,46.9671869
2/25/2021,1.363479761,7.939862097,71.79450584,57.76931084
2/26/2021,1.932793087,8.043339424,71.67163764,34.75156581
2/27/2021,4.963213055,7.826708931,88.04147462,32.72585736
2/28/2021,1.019634566,9.816949443,88.37147906,49.95652994
3/1/2021,4.276343353,8.403701029,69.0897773,54.81123276
3/2/2021,3.42997833,8.705407848,85.16689674,35.15681639
3/3/2021,3.52556856,7.394929611,63.13022375,46.01564254
3/4/2021,1.284579363,8.50911948,76.58408137,50.45314198
3/5/2021,4.021251358,9.36034333,64.1212902,50.53554832
3/6/2021,4.050135574,9.656445191,77.65617383,50.58252328
3/7/2021,4.592911579,8.975388697,65.78707902,49.07289105
3/8/2021,4.24697654,9.977262162,87.75746326,41.59564906
3/9/2021,3.508561388,8.25760623,76.44474617,41.62858193
3/10/2021,2.280394065,8.137195653,81.98762236,54.61035278
3/11/2021,2.685957137,7.782166916,66.41224408,41.7554328
3/12/2021,2.824816085,7.218446712,89.35473073,30.07350282
3/13/2021,2.662854965,7.869876128,83.1874629,52.16923626
3/14/2021,1.321427269,9.057672239,67.10798987,59.05210606
3/15/2021,2.612658552,9.488528436,75.98887751,36.32590765
3/16/2021,1.344885007,7.983302165,77.37659884,53.60615236
3/17/2021,4.77664477,9.326654561,75.21631186,51.99548573
3/18/2021,3.228625164,7.042003182,74.07934726,49.77962919
3/19/2021,3.48793741,9.447322243,72.32476292,55.86407013
3/20/2021,4.321553642,8.612833513,68.1021896,52.40157442
3/21/2021,3.873957822,8.377777356,60.70398887,33.64475694
3/22/2021,2.112554779,7.120208208,76.65399623,48.53690973
3/23/2021,2.261193525,7.071108815,65.62979514,40.45118327
3/24/2021,4.819145144,7.332694333,69.41108552,39.98202937
3/25/2021,3.221879359,9.919448316,73.18152903,32.14561385
3/26/2021,2.585042895,9.637676263,87.99896742,43.70908236
3/27/2021,3.621565433,8.287362403,62.40054405,59.43753725
3/28/2021,2.930138828,8.669239629,60.19525781,55.57042616
3/29/2021,3.889410033,7.12840281,69.43296068,44.15966749
3/30/2021,3.942339213,9.536479749,89.57884732,31.51033001
3/31/2021,2.909052113,7.621811636,66.17677076,57.74820249
4/1/2021,2.15038411,9.421766398,76.78483575,36.25802164
4/2/2021,2.382326162,7.082522209,63.15718286,51.86507706
4/3/2021,4.537780627,8.794424913,63.79280654,50.82430239
4/4/2021,4.09613068,7.369861964,65.5700544,36.91686995
4/5/2021,2.495782663,7.645082208,77.32558021,44.20229265
4/6/2021,1.014785966,9.148871404,73.63705325,51.42363144
4/7/2021,4.465925169,9.53637102,87.47950687,49.35503096
4/8/2021,4.054825869,8.393872932,65.30095508,38.66477786
4/9/2021,4.413288659,9.416222671,78.31062377,31.53635242
4/10/2021,1.420607001,8.990751835,60.27073548,58.11217081
4/11/2021,1.841235465,7.493905376,69.26325033,48.20953235
4/12/2021,1.46771844,9.023931632,89.49437189,35.34984727
4/13/2021,3.026267449,7.916862832,69.13297556,58.12939471
4/14/2021,2.082788034,8.367746774,72.71492087,48.21808831
4/15/2021,1.640781514,8.817565317,74.30486709,49.80149456
4/16/2021,1.173982195,8.685555343,88.5186568,57.20117814
4/17/2021,1.884524812,9.185792484,84.70500682,36.55711052
4/18/2021,3.227119025,8.261184445,89.04714828,31.804091
4/19/2021,1.155940281,9.861011044,79.95132561,42.58515604
4/20/2021,2.43024795,9.396372539,75.9985386,49.56265666
4/21/2021,4.732819043,7.333416568,89.67090163,55.4640139
4/22/2021,2.234095145,9.520233166,61.12374716,43.48585715
4/23/2021,1.711611735,7.267793991,71.5936421,44.59366627
4/24/2021,1.305200463,9.1609791,88.40472557,31.4046949
4/25/2021,1.556408906,9.790454556,70.67035811,53.99662152
4/26/2021,2.314009768,8.733880602,73.75623988,55.61136809
4/27/2021,3.179193687,7.159351235,78.25205837,35.97668564
4/28/2021,3.214016965,7.979707595,75.73327129,39.71504666
4/29/2021,1.537055518,9.939278239,78.46161077,35.85574419
4/30/2021,3.098136585,7.423959798,67.76743044,46.16314645
5/1/2021,1.37034114,7.741387869,86.07373185,46.40428722
5/2/2021,2.167818331,9.427923641,85.30951896,34.39311826
5/3/2021,1.221776807,7.827829199,61.56337299,49.55900877
5/4/2021,2.749536665,9.297452971,68.35070762,50.17499846
5/5/2021,1.49533174,8.521858998,75.21967559,52.95504438
5/6/2021,4.692679024,8.786023401,84.08867636,41.48075656
5/7/2021,3.013743791,7.854717035,75.1115525,48.90097745
5/8/2021,3.364583803,9.811596235,73.96417946,31.73475391
5/9/2021,3.631718694,7.0742758,68.07762782,56.6662332
5/10/2021,1.648232037,8.752210151,62.43700711,55.97047255
5/11/2021,4.265687631,9.116832406,85.47669995,31.35413828
5/12/2021,2.504535952,9.159942068,69.59267967,49.78368002
5/13/2021,3.681866961,9.518140485,74.47030913,38.53343382
5/14/2021,4.209842734,8.249979635,61.57316585,33.27915986
5/15/2021,1.606881422,8.175172241,88.80355021,31.06168437
5/16/2021,2.446157843,8.757180562,71.38233968,52.64875361
5/17/2021,1.919053895,8.788169748,83.5493416,45.62309379
5/18/2021,3.493637704,7.056457773,62.02989587,51.28675791
5/19/2021,1.180198844,9.263233457,86.72946111,58.03264556
5/20/2021,2.037127373,9.020256777,60.81716391,39.66426032
5/21/2021,4.918332414,9.625609184,75.95450472,42.30351964
5/22/2021,3.098519738,8.235874126,80.14596074,59.07608887
5/23/2021,1.667384515,8.516283085,69.21327195,49.18769072
5/24/2021,2.712410809,9.371008816,60.34998567,41.96368561
5/25/2021,3.676161666,8.893438421,78.0431819,49.225424
5/26/2021,1.375186338,8.596120889,60.0294139,54.26286074
5/27/2021,4.196413516,7.848107829,88.11805614,34.06958245
5/28/2021,1.163549788,8.315111068,72.16402297,54.99768144
5/29/2021,1.388180869,9.913462107,85.97266333,51.78883518
5/30/2021,3.04298125,9.767681867,89.53763551,45.80694894
5/31/2021,2.357547117,7.167376974,80.18703009,53.84442609
6/1/2021,1.188025907,7.904865805,84.41668908,56.71680873
6/2/2021,2.63801784,7.187366461,64.95756499,37.75773321
6/3/2021,4.158307525,9.597937796,85.82241626,37.27191598
6/4/2021,2.951874103,9.066391066,74.26415973,43.58123923
6/5/2021,1.432673399,7.900748467,84.23078192,37.81418906
6/6/2021,4.220235288,7.544168041,77.63030211,54.74251636
6/7/2021,4.877427193,7.395992673,83.9430881,42.30520105
6/8/2021,3.425074159,8.501691863,88.48693927,41.26408451
6/9/2021,3.63395183,7.976314916,77.09268014,49.99955998
6/10/2021,1.462730443,8.798379769,79.46746025,53.01720752
6/11/2021,3.440473251,7.066234201,87.56017071,54.09765597
6/12/2021,1.760933347,9.865140152,79.55835635,41.29375051
6/13/2021,2.115189429,7.083406883,74.84233616,44.00144244
6/14/2021,4.814758775,7.370838819,84.26129625,46.63847813
6/15/2021,1.275660582,8.887201461,74.55949096,39.24298933
6/16/2021,3.196361101,7.350935854,61.46001367,36.23344202
6/17/2021,2.864831093,7.00970179,61.44687048,52.58941857
6/18/2021,1.684814649,7.253835913,89.67517879,36.13762768
6/19/2021,4.711757155,9.318190908,74.11120091,56.35246415
6/20/2021,2.006784493,7.469515104,62.52988189,52.0872218
6/21/2021,3.386281265,7.530406607,71.78656371,38.50467823
6/22/2021,3.059717188,8.867804131,82.13750833,52.07383701
6/23/2021,3.906192145,9.564574499,75.12599482,39.96185127
6/24/2021,3.40199909,8.696387413,72.25073436,50.82418048
6/25/2021,1.571961513,9.562984947,68.23700645,46.3296397
6/26/2021,4.42686685,7.812480162,73.50027848,41.95322326
6/27/2021,4.856537758,9.972563829,85.26558332,41.67810562
6/28/2021,2.521758212,7.889795906,66.43410298,46.44905048
6/29/2021,2.14696234,8.892971069,86.94188761,30.73581486
6/30/2021,1.953296748,7.897710673,68.98852448,59.40032945
7/1/2021,2.528331304,7.335279024,82.7508954,55.75989467
7/2/2021,4.683141943,9.240562355,65.14718841,31.32278321
7/3/2021,1.073014319,9.009504138,60.21462549,40.67184273
7/4/2021,2.7158138,9.450823029,64.55106598,51.06896851
7/5/2021,3.147039035,8.574321717,69.56128638,53.72617353
7/6/2021,4.604373507,9.125293887,67.24126606,57.22014076
7/7/2021,2.843527849,8.18478574,65.98825278,36.80564575
7/8/2021,1.89999367,8.869145606,62.79910361,44.74447006
7/9/2021,4.308012093,7.120328423,74.96792703,48.71840909
7/10/2021,2.077302933,9.234569588,79.1162031,51.91401945
7/11/2021,3.848518717,8.774083376,70.70968378,36.04122365
7/12/2021,1.06216501,8.19844689,81.32630276,49.39592032
7/13/2021,2.718047786,9.885444607,70.88620681,36.69081519
7/14/2021,3.874477398,7.736581035,68.96544542,44.05869049
7/15/2021,2.40713249,8.707774014,67.78249736,33.4174624
7/16/2021,4.784932824,9.074584536,85.6658389,31.80995354
7/17/2021,3.244021356,7.538456273,89.84159892,50.833165
7/18/2021,2.230925799,8.755137823,72.84107108,50.27956216
7/19/2021,4.603074803,7.257223027,66.18749802,32.70747819
7/20/2021,2.505388354,7.473899925,67.87759026,31.24524328
7/21/2021,2.648205469,8.638419316,71.88392265,47.67581919
7/22/2021,2.344265564,8.726677698,89.03922408,56.32572803
7/23/2021,3.470017488,9.015676492,76.78052323,47.6826285
7/24/2021,1.40161527,8.729974254,63.91216591,50.34086559
7/25/2021,4.243803173,7.796809088,60.79259337,45.08777414
7/26/2021,4.362105233,9.50660611,69.37089985,34.64604792
7/27/2021,1.38446249,9.076006127,65.83634532,53.57084765
7/28/2021,3.001686487,7.058431355,68.42792613,59.48073113
7/29/2021,3.994494233,9.760319366,66.59299049,49.58810275
7/30/2021,2.458432437,8.120389533,87.52113562,50.93962719
7/31/2021,2.818846082,7.038426994,65.20522611,44.91092788
8/1/2021,2.077043147,7.180479035,82.10999487,56.20622483
8/2/2021,2.199650698,7.632877911,77.02134329,57.75384411
8/3/2021,2.08589707,8.196598975,66.86193226,43.1850907
8/4/2021,1.122288295,9.219223347,68.95468505,59.12778233
8/5/2021,1.774020599,7.721589387,77.14262816,31.76210731
8/6/2021,3.665077189,7.957556433,75.54152375,41.81129505
8/7/2021,1.780937377,7.497768332,60.2656896,44.8899925
8/8/2021,3.915529497,7.878596375,80.64967832,36.77509667
8/9/2021,4.345742143,8.646166201,72.44833883,34.431327
8/10/2021,1.965696582,8.775419251,86.68212723,48.67963392
8/11/2021,3.831698681,9.169765359,71.58398605,35.05631387
8/12/2021,4.640019746,8.748121152,65.17354011,59.69530262
8/13/2021,3.615810283,8.55384195,88.73056554,33.24758522
8/14/2021,2.094933356,9.294803882,76.00730732,55.99670885
8/15/2021,3.943243278,9.632852791,87.38116323,57.38654515
8/16/2021,4.363896957,7.653257506,70.84032727,36.48664116
8/17/2021,4.568356568,7.238817818,76.81988896,56.08925746
8/18/2021,4.622909332,8.447101325,77.92725316,53.37945608
8/19/2021,1.492606463,9.238231753,82.49130551,31.98943968
8/20/2021,3.371464155,9.087877746,72.83305494,45.52849402
8/21/2021,1.190091445,7.337837709,82.70988431,41.28450523
8/22/2021,4.327603877,9.005332538,60.65479963,55.75404045
8/23/2021,2.267787523,8.920310738,70.77810995,57.84900509
8/24/2021,2.745294658,9.268468071,83.03419703,41.26885096
8/25/2021,4.163669626,7.677355839,69.87094243,46.2704313
8/26/2021,4.610309884,8.161733677,62.61356522,36.09175012
8/27/2021,4.565987615,8.726011127,63.65843722,54.08453771
8/28/2021,2.458841907,8.554841973,83.64058816,59.73083652
8/29/2021,4.756804143,9.89943773,71.28535492,30.77789857
8/30/2021,3.312337498,7.555455985,65.38109644,58.49539906
8/31/2021,1.086453362,7.917285269,63.60517581,53.3320599
9/1/2021,4.302345484,8.93045903,89.15763699,31.36871587
9/2/2021,2.897307455,7.505682669,84.53562848,54.16596059
9/3/2021,3.451634435,9.040855389,68.07627935,56.18065003
9/4/2021,2.099598916,9.784553088,85.84380975,40.90942987
9/5/2021,3.566003424,9.817270482,85.57079002,48.83156864
9/6/2021,3.283493618,8.727885351,88.33773611,58.86874159
9/7/2021,2.39573955,9.413384454,60.86783677,58.25624461
9/8/2021,2.325645752,9.371190309,76.81877568,49.70237994
9/9/2021,1.538544361,9.559411982,87.59841779,48.10741441
9/10/2021,4.485682387,8.989058101,85.4311186,46.71545937
9/11/2021,2.971426669,8.79501205,79.78104052,35.9121915
9/12/2021,4.932089481,9.751416167,87.98197132,58.88528784
9/13/2021,4.378078612,7.777305314,86.09691237,37.7631871
9/14/2021,3.432141046,8.565291258,62.56781699,42.40655164
9/15/2021,1.346383912,8.213742115,75.59646306,55.22593039
9/16/2021,1.742532736,9.304565655,61.80395832,57.85382963
9/17/2021,1.530217039,7.838083847,61.48068803,57.51241249
9/18/2021,1.353393224,8.118619754,72.72268038,51.46926824
9/19/2021,4.056175827,7.764377863,86.31562778,45.4784728
9/20/2021,2.775240691,8.359329455,86.79201547,57.70256503
9/21/2021,3.7562769,9.201956905,65.54708051,40.06273049
9/22/2021,2.656661413,9.113516724,72.74371078,51.25306586
9/23/2021,4.432253445,8.058215501,85.22337019,58.292464
9/24/2021,1.027594468,7.020843717,86.84236094,47.36312036
9/25/2021,1.694275952,9.983156971,81.73154183,34.3475791
9/26/2021,1.370442694,8.942012758,78.33958414,33.39981332
9/27/2021,4.092679168,7.747125793,83.01322608,31.31140914
9/28/2021,4.422727609,7.767224887,84.32487578,59.32396503
9/29/2021,2.165251301,7.018054315,84.65657837,58.97289882
9/30/2021,3.503623731,7.623784415,88.58900787,39.37623406
10/1/2021,2.744569922,7.625026947,64.19528435,37.83985854
10/2/2021,3.235483948,8.696871237,68.62298428,34.87101712
10/3/2021,1.651802412,7.007357611,67.22629752,55.60303471
10/4/2021,1.643108852,8.136785227,79.65371357,33.39019549
10/5/2021,3.630852688,8.419451301,76.06189708,30.21841095
10/6/2021,2.640070193,8.157097814,84.62560341,30.86026699
10/7/2021,2.608134364,7.88723553,62.82783857,59.6435304
10/8/2021,4.844931275,9.590439513,74.33603183,36.71565668
10/9/2021,4.474776892,7.052854924,64.42101977,31.33580546
10/10/2021,4.28678825,7.714060605,87.92372128,30.73149326
10/11/2021,4.611221137,7.512937134,82.4723063,34.27798334
10/12/2021,3.818408696,8.529501446,77.37847705,54.08273762
10/13/2021,1.817486385,9.582442384,70.32688032,56.85702574
10/14/2021,2.638273785,8.579499862,88.32897062,33.05695745
10/15/2021,2.791170138,7.49241426,73.0786079,38.52495968
10/16/2021,2.709712524,7.989345743,71.46324438,30.14247113
10/17/2021,1.250186244,9.575532683,81.43596989,53.51941344
10/18/2021,1.797090052,8.050130679,86.34394236,48.18087635
10/19/2021,4.674071506,7.414635999,77.90405053,36.77487512
10/20/2021,3.265420472,7.03557403,78.94661661,53.88518248
10/21/2021,3.351073049,8.424606962,68.85299375,55.14934151
10/22/2021,2.107737507,8.32346674,81.57998081,59.51934031
10/23/2021,2.322443226,9.371178425,68.59749415,58.60806362
10/24/2021,2.600586274,7.875317615,87.75108763,36.60055927
10/25/2021,1.0910827,8.628873318,66.56603672,46.30121016
10/26/2021,4.245152638,8.53986763,86.97383336,59.77502761
10/27/2021,3.092920679,9.395229515,60.47109957,36.84420302
10/28/2021,1.751200178,9.960814187,84.75179871,56.02963465
10/29/2021,4.622799016,7.28760623,62.45559121,34.68678297
10/30/2021,2.415809102,8.315006943,68.58574725,37.90331036
10/31/2021,4.574731613,9.613656509,71.42415555,46.12673754
11/1/2021,4.31560069,7.565106025,89.07464075,54.46787823
11/2/2021,1.872865239,9.567371365,75.74583131,49.00261474
11/3/2021,1.70256542,7.488543007,75.78302153,56.27493586
11/4/2021,2.323033878,7.487908147,85.54455743,34.35653819
11/5/2021,2.078100733,7.540211421,77.39408947,39.46574902
11/6/2021,1.415963103,7.398495368,66.97864496,35.85282072
11/7/2021,2.824492741,8.953349128,80.23622155,48.78125544
11/8/2021,1.660345185,8.274153148,82.82553595,51.33502313
11/9/2021,1.133074168,9.673438553,65.26407001,37.67776201
11/10/2021,3.823780994,8.442094173,72.43944136,41.77913394
11/11/2021,4.721091751,8.169775588,66.40709172,47.53904387
11/12/2021,1.694734362,7.297172348,79.31485719,31.0387955
11/13/2021,4.203727294,8.893734999,78.73545807,33.91881093
11/14/2021,1.314491993,9.889513762,88.70237138,48.87764897
11/15/2021,2.067399843,7.194858556,77.34158807,54.68580435
11/16/2021,4.258402202,9.645164082,69.69053208,52.49664901
11/17/2021,3.194829683,9.610116748,87.4314568,50.10891447
11/18/2021,1.242575168,8.108185576,74.35813392,56.03559442
11/19/2021,4.922130155,9.72165217,69.25790451,53.51566953
11/20/2021,1.169115283,7.721403294,64.20517754,30.89818598
11/21/2021,2.516043888,9.131834208,89.10552753,43.59450515
11/22/2021,2.150121592,9.51648328,85.14719468,46.6025195
11/23/2021,1.428198178,9.404758466,83.13794086,41.28177169
11/24/2021,3.936520981,9.789297326,76.77893391,44.95681578
11/25/2021,2.577659815,9.259624119,70.77217876,53.3313052
11/26/2021,4.316094595,9.859678701,71.26555703,30.29695446
11/27/2021,4.993401895,7.772642962,61.25925633,59.44551304
11/28/2021,2.757035324,7.837896426,66.26533156,55.73460695
11/29/2021,1.288631842,9.122228888,60.56029153,31.80150272
11/30/2021,2.759025992,7.821930276,77.1984253,54.55802419
12/1/2021,1.610750196,9.269283247,89.07141979,56.0591486
12/2/2021,2.577165491,7.059294754,63.63950009,56.1811157
12/3/2021,2.64549245,9.951637297,77.84546798,51.5301138
12/4/2021,1.225497184,7.346049458,62.85588603,31.18451819
12/5/2021,2.374780812,8.895063037,71.31086966,30.70209825
12/6/2021,3.241516471,7.25521379,75.36067949,44.05715453
12/7/2021,2.727266581,7.101679393,87.65267372,51.00638742
12/8/2021,4.115370501,8.01932835,75.98516095,32.72201595
12/9/2021,4.050029631,7.357037112,75.61445911,42.03264016
12/10/2021,1.631105209,8.967374778,83.35981496,53.18639262
12/11/2021,4.101873442,8.912277591,74.6969055,59.55753906
12/12/2021,4.502199026,9.297320372,60.68403971,58.95455879
12/13/2021,2.884829498,9.749842583,70.6201287,42.76295794
12/14/2021,4.015605248,7.730970583,62.5881479,58.63601874
12/15/2021,1.756790729,9.389816971,60.85736087,41.41932797
12/16/2021,2.794410195,7.179809655,76.10097681,32.97057757
12/17/2021,1.802920589,8.748795202,84.94956832,34.47730255
12/18/2021,2.221328089,8.675424565,79.54759751,36.45601254
12/19/2021,1.854969063,9.320779938,63.66832275,40.56197031
12/20/2021,4.097478599,9.610843964,78.07925414,38.56550821
12/21/2021,1.771464721,9.049643415,83.47371357,55.55434238
12/22/2021,3.652652648,7.624193097,65.01963138,33.18444614
12/23/2021,1.674719059,7.488855012,65.01354178,42.37677104
12/24/2021,2.31767822,8.829678454,86.40233176,35.95413773
12/25/2021,1.081658244,8.791325477,84.01708824,42.55321311
12/26/2021,2.268991529,9.461918797,80.502433,33.73794455
12/27/2021,3.55630599,7.990986312,60.62892502,36.53927042
12/28/2021,4.452776841,9.767985236,65.67773184,34.84157741
12/29/2021,2.969789473,7.799800973,82.6886024,31.41260165
12/30/2021,1.616495813,7.260028826,76.64465699,37.22037556
12/31/2021,4.688407338,8.172954502,75.79271869,41.61446297
1/1/2022,4.54057239,7.44100828,73.26269541,44.72688187
1/2/2022,4.688319224,7.982056968,71.93577594,55.89997721
1/3/2022,3.000764272,8.272862127,88.81787348,54.9923215
1/4/2022,4.184788161,7.382633284,78.55745694,39.72352632
1/5/2022,4.597974274,8.32875726,78.7416186,44.13168565
1/6/2022,1.223018589,9.303181521,67.89480381,40.98668462
1/7/2022,4.205860206,9.706355481,78.70858342,52.6954951
1/8/2022,3.057203375,8.825286296,80.83853986,42.80802091
1/9/2022,4.575791077,7.888655486,80.01080104,52.27130425
1/10/2022,1.320226973,9.174452587,62.6856398,51.51259886
1/11/2022,1.925514379,7.744071812,63.45743531,39.20021688
1/12/2022,2.182233509,9.738525494,83.77383267,39.1836367
1/13/2022,4.003633149,8.502685465,78.85412196,53.80758278
1/14/2022,3.943148132,8.488141956,76.86038189,57.98172371
1/15/2022,1.068607132,7.240474086,60.4928375,44.60673583
1/16/2022,3.199453456,8.561746088,81.07636613,51.8874927
1/17/2022,3.598921018,7.746993591,65.11847597,55.69886785
1/18/2022,1.819833129,7.610159812,89.36252485,36.94052673
1/19/2022,1.121398067,7.389821151,75.94131634,39.14115192
1/20/2022,3.214454734,7.31355405,66.74053724,58.1430902
1/21/2022,2.529376195,7.711443512,79.23982538,48.05552969
1/22/2022,3.957573295,9.631139061,70.22271012,56.5962985
1/23/2022,4.023971722,9.646602321,79.43893883,46.83523064
1/24/2022,2.991712821,7.040022549,87.43252755,47.56777077
1/25/2022,2.025190757,7.912195246,69.40070991,40.40932845
1/26/2022,1.619199262,7.302027057,71.3657239,39.44528966
1/27/2022,4.933862322,8.255082342,60.60711196,54.35500721
1/28/2022,3.099851521,8.703052707,88.54565633,52.61492363
1/29/2022,1.607044887,8.953127551,67.7790557,44.11602605
1/30/2022,1.464306578,7.638741499,73.38264616,33.77247883
1/31/2022,2.843885179,8.816903058,60.2133637,51.94415013
2/1/2022,4.028099242,9.561397498,64.23891027,54.09184081
2/2/2022,1.549260908,7.024636887,80.34974582,59.6823522
2/3/2022,4.859827376,9.607345295,71.34532992,37.05487035
2/4/2022,3.184388747,8.591065012,89.06462634,40.49447022
2/5/2022,4.297705853,8.351899105,85.48685702,40.94770022
2/6/2022,1.005504396,7.62825047,87.28316673,44.83211703
2/7/2022,1.405844753,9.008943734,64.92256773,48.67652976
2/8/2022,3.389001861,9.811617571,83.97967619,51.14566159
2/9/2022,4.393397958,9.322570116,77.62903198,57.09807029
2/10/2022,4.996636508,8.948618273,87.28179939,59.5850726
2/11/2022,1.850561568,8.47432321,74.94867951,43.38578025
2/12/2022,2.333308141,8.448019859,62.36453587,56.88978541
2/13/2022,3.956925937,8.376533525,68.56952715,59.16359336
2/14/2022,3.397310517,8.103453164,84.52530993,46.52052008
2/15/2022,3.528504422,9.198883368,80.50152269,42.56430298
2/16/2022,4.822985242,8.651401228,71.5000264,57.3582595
2/17/2022,1.994626555,8.815636914,66.77722474,56.56871255
2/18/2022,1.73169168,7.405204936,61.73952796,40.02687984
2/19/2022,2.164761327,9.573324909,83.44309443,34.66481125
2/20/2022,2.594454932,7.361314289,70.42291316,32.83603653
2/21/2022,3.993720083,8.729023165,87.87731974,32.4678322
2/22/2022,4.21710639,8.162268494,83.69563869,56.72494737
2/23/2022,1.500213188,9.857077939,75.8938184,37.84804642
2/24/2022,2.788353255,8.588872705,73.42509499,37.79271545
2/25/2022,3.949106997,7.30690887,64.81907395,50.25883877
2/26/2022,3.703873871,8.479144805,87.36201454,57.63672114
2/27/2022,4.775652981,9.140474856,81.28612769,47.02718894
2/28/2022,4.401162515,7.719125542,82.63729208,36.47381438
3/1/2022,1.613222592,7.072487765,62.75684694,30.82241853
3/2/2022,1.871027152,9.55187214,80.00998784,37.08639516
3/3/2022,3.452775112,8.39124891,63.35511693,38.70938619
3/4/2022,2.638842913,7.53502195,87.05919827,46.56975671
3/5/2022,2.768059176,7.850968278,81.57255654,42.6697601
3/6/2022,4.655630723,9.387544357,79.40188662,52.77103404
3/7/2022,4.234431365,8.869649964,67.7495693,30.92821465
3/8/2022,2.046536632,8.357059547,67.40705975,30.50064696
3/9/2022,1.231303688,8.197058621,87.89575488,42.66601381
3/10/2022,2.426532703,8.364058023,67.96390493,44.25641632
3/11/2022,4.277514711,9.338840851,71.36680005,36.78813665
3/12/2022,2.121945852,7.461374249,89.25844515,32.98701153
3/13/2022,4.678577256,7.689855259,78.16605684,57.42284985
3/14/2022,3.791263367,7.5052768,71.21569312,56.3451969
3/15/2022,1.510887004,9.879490365,65.03835889,50.88544452
3/16/2022,2.228386579,7.825271783,62.54949631,38.38727259
3/17/2022,2.618786336,8.985645706,85.37041524,46.20858172
3/18/2022,2.534359098,7.181016849,76.61724043,56.65848621
3/19/2022,2.163775731,7.658196037,63.33154454,52.29762881
3/20/2022,2.149916461,7.851165097,68.64985157,48.38349909
3/21/2022,2.652758859,7.077518095,70.51672775,40.26979103
3/22/2022,2.908093011,7.266270653,85.824816,43.11508092
3/23/2022,1.077228422,7.598367558,80.43612094,32.05063994
3/24/2022,3.526831027,7.062438388,86.6961873,40.77288345
3/25/2022,4.063871048,7.830848812,71.14079348,45.43081964